num,name
1,Ja'Marr Chase
2,Bijan Robinson
3,Justin Jefferson
4,Saquon Barkley
5,Jahmyr Gibbs
6,Christian McCaffrey
7,CeeDee Lamb
8,Malik Nabers
9,Puka Nacua
10,Ashton Jeanty
11,Amon-Ra St. Brown
12,De'Von Achane
13,Nico Collins
14,Brian Thomas Jr.
15,A.J. Brown
16,Drake London
17,Jonathan Taylor
18,Josh Jacobs
19,Derrick Henry
20,Brock Bowers
21,Trey McBride
22,Bucky Irving
23,Chase Brown
24,Tee Higgins
25,Tyreek Hill
26,Ladd McConkey
27,Davante Adams
28,Josh Allen
29,Lamar Jackson
30,Jayden Daniels
31,Jalen Hurts
32,Kyren Williams
33,James Cook
34,Jaxon Smith-Njigba
35,Terry McLaurin
36,Garrett Wilson
37,Omarion Hampton
38,Alvin Kamara
39,Joe Burrow
40,George Kittle
41,Chuba Hubbard
42,James Conner
43,TreVeyon Henderson
44,Kenneth Walker III
45,Marvin Harrison Jr.
46,DK Metcalf
47,Tetairoa McMillan
48,Xavier Worthy
49,Mike Evans
50,DJ Moore
51,Breece Hall
52,D'Andre Swift
53,Zay Flowers
54,Courtland Sutton
55,Calvin Ridley
56,DeVonta Smith
57,Jaylen Waddle
58,Jerry Jeudy
59,Jameson Williams
60,Rashee Rice
61,Sam LaPorta
62,Patrick Mahomes
63,Baker Mayfield
64,George Pickens
65,Rome Odunze
66,Travis Hunter
67,Tony Pollard
68,David Montgomery
69,T.J. Hockenson
70,Aaron Jones Sr.
71,RJ Harvey
72,Isiah Pacheco
73,Jakobi Meyers
74,Matthew Golden
75,Emeka Egbuka
76,Chris Olave
77,Ricky Pearsall
78,Michael Pittman Jr.
79,Stefon Diggs
80,Tyrone Tracy Jr.
81,Jaylen Warren
82,Jacory Croskey-Merritt
83,Travis Kelce
84,David Njoku
85,Mark Andrews
86,Evan Engram
87,Bo Nix
88,Kyler Murray
89,Brock Purdy
90,Austin Ekeler
91,J.K. Dobbins
92,Rhamondre Stevenson
93,Javonte Williams
94,Kaleb Johnson
95,Cam Skattebo
96,Cooper Kupp
97,Jordan Addison
98,Jauan Jennings
99,Deebo Samuel
100,Khalil Shakir
101,Keon Coleman
102,Chris Godwin Jr.
103,Justin Herbert
104,Caleb Williams
105,Drake Maye
106,Dak Prescott
107,Josh Downs
108,Jayden Reed
109,Keenan Allen
110,Darnell Mooney
111,Rashid Shaheed
112,Xavier Legette
113,Tyler Warren
114,Jordan Mason
115,Travis Etienne Jr.
116,Tank Bigsby
117,Bhayshul Tuten
118,Zach Charbonnet
119,Nick Chubb
120,Jerome Ford
121,Justin Fields
122,Jordan Love
123,J.J. McCarthy
124,C.J. Stroud
125,Colston Loveland
126,Tucker Kraft
127,Dallas Goedert
128,Jake Ferguson
129,Dalton Kincaid
130,Trey Benson
131,Rachaad White
132,Jaydon Blue
133,Tyler Allgeier
134,Braelon Allen
135,Najee Harris
136,Cedric Tillman
137,Hollywood Brown
138,Jayden Higgins
139,Wan'Dale Robinson
140,Marvin Mims Jr.
141,Hunter Henry
142,Kyle Pitts Sr.
143,Jared Goff
144,Tua Tagovailoa
145,Matthew Stafford
146,Dylan Sampson
147,Quinshon Judkins
148,Joe Mixon
149,Ray Davis
150,Will Shipley
151,Ollie Gordon II
152,Rashod Bateman
153,DeMario Douglas
154,Christian Kirk
155,Jalen Coker
156,Brandon Aiyuk
157,Joshua Palmer
158,Romeo Doubs
159,Tre' Harris
160,Woody Marks
161,Dameon Pierce
162,Kendre Miller
163,Michael Wilson
164,Amari Cooper
165,Zach Ertz
166,Brenton Strange
167,Jonnu Smith
168,Darren Waller
169,Steelers D/ST
170,Broncos D/ST
171,Texans D/ST
172,Ravens D/ST
173,Vikings D/ST
174,Seahawks D/ST
175,Lions D/ST
176,Patriots D/ST
177,Colts D/ST
178,Eagles D/ST
179,Bills D/ST
180,Jets D/ST
181,Jake Bates
182,Chase McLaughlin
183,Cameron Dicker
184,Brandon Aubrey
185,Tyler Bass
186,Jake Elliott
187,Chris Boswell
188,Harrison Butker
189,Cairo Santos
190,Tyler Loop
191,Matt Gay
192,Ka'imi Fairbairn
193,Luther Burden III
194,Darius Slayton
195,Brian Robinson Jr.
196,Justice Hill
197,Nick Westbrook-Ikhine
198,Trevor Lawrence
199,Cam Ward
200,Michael Penix Jr.
201,Adam Thielen
202,DeAndre Hopkins
203,Elic Ayomanor
204,Pat Bryant
205,Tutu Atwell
206,Chig Okonkwo
207,Mason Taylor
208,Josh Reynolds
209,Ray-Ray McCloud III
210,Dyami Brown
211,Calvin Austin III
212,Tyjae Spears
213,Rico Dowdle
214,Miles Sanders
215,Cade Otton
216,Pat Freiermuth
217,Dalton Schultz
218,Bryce Young
219,Geno Smith
220,Sam Darnold
221,Roschon Johnson
222,Kareem Hunt
223,Blake Corum
224,Noah Brown
225,MarShawn Lloyd
226,DJ Giddens
227,Tyler Lockett
228,Quentin Johnston
229,Christian Watson
230,Adonai Mitchell
231,Troy Franklin
232,KaVontae Turpin
233,Allen Lazard
234,Andrei Iosivas
235,Giants D/ST
236,Buccaneers D/ST
237,Joshua Karty
238,Nick Folk
239,Samaje Perine
240,Kenneth Gainwell
241,Jaylen Wright
242,Ty Johnson
243,Kyle Monangai
244,Devin Neal
245,Elijah Mitchell
246,Raheem Mostert
247,Isaac Guerendo
248,Jarquez Hunter
249,Chris Rodriguez Jr.
250,Emanuel Wilson
251,Sean Tucker
252,Alec Pierce
253,Devaughn Vele
254,Cardinals D/ST
255,Packers D/ST
256,Brandon McManus
257,Jason Myers
258,Theo Johnson
259,Elijah Arroyo
260,Tyler Higbee
261,Jalen Tolbert
262,Roman Wilson
263,Kayshon Boutte
264,David Moore
265,Emari Demercado
266,Isaiah Davis
267,Daniel Jones
268,Aaron Rodgers
269,Russell Wilson
270,Joe Flacco
271,Tre Tucker
272,Van Jefferson
273,Brandin Cooks
274,Greg Dortch
275,Jamari Thrash
276,Kalel Mullings
277,Keaton Mitchell
278,Kyle Juszczyk
279,Chris Brooks
280,Trevor Etienne
281,Alec Ingold
282,Brashard Smith
283,Jaleel McLaughlin
284,Jordan Whittington
285,Chiefs D/ST
286,Bears D/ST
287,Cam Little
288,Wil Lutz
289,Juwan Johnson
290,Mike Gesicki
291,Isaiah Likely
292,Ja'Tavion Sanders
293,Noah Fant
294,Jalen McMillan
295,Isaac TeSlaa
296,Spencer Rattler
297,Rams D/ST
298,Jaguars D/ST
299,49ers D/ST
300,Chargers D/ST
301,Jaxson Dart
302,Tyler Shough
303,Zamir White
304,Tahj Brooks
305,Devin Singletary
306,Dare Ogunbowale
307,Hunter Luepke
308,AJ Dillon
309,Julius Chestnut
310,Anthony Richardson Sr.
311,AJ Barner
312,Michael Mayer
313,Ben Sinnott
314,Terrance Ferguson
315,Dillon Gabriel
316,Shedeur Sanders
317,Jalen Milroe
318,Jimmy Garoppolo
319,Kirk Cousins
320,Tyler Goodson
321,LeQuint Allen Jr.
322,Jeremy McNichols
323,Will Dissly
324,Noah Gray
325,Gunnar Helm
326,Harold Fannin Jr.
327,Oronde Gadsden II
328,Dawson Knox
329,Austin Hooper
330,Cole Kmet
331,Luke Musgrave
332,Tyler Conklin
333,Tommy Tremble
334,Cade Stover
335,Tyrod Taylor
336,Mason Rudolph
337,Gardner Minshew
338,Jameis Winston
339,Jake Browning
340,Marcus Mariota
341,Kenny Pickett
342,Carson Wentz
343,Joe Milton III
344,Teddy Bridgewater
345,Will Reichard
346,Evan McPherson
347,Spencer Shrader
348,Daniel Carlson
349,Andy Borregales
350,Chad Ryland
351,Younghoe Koo
352,Blake Grupe
353,Ryan Fitzgerald
354,Jake Moody
355,Joey Slye
356,Graham Gano
357,Andre Szmyt
358,Jason Sanders
359,Cowboys D/ST
360,Dolphins D/ST
361,Titans D/ST
362,Falcons D/ST
363,Browns D/ST
364,Commanders D/ST
365,Saints D/ST
366,Bengals D/ST
367,Raiders D/ST
368,Panthers D/ST
369,Tory Horton
370,Malik Washington
371,Kyle Williams
372,Jermaine Burton
373,Foster Moreau
374,Dont'e Thornton Jr.
375,Curtis Samuel
376,JuJu Smith-Schuster
377,Parker Washington
378,Xavier Hutchinson
379,Jack Bech
380,Chimere Dike
381,Olamide Zaccheaus
382,Elijah Higgins
383,Scott Matlock
384,Julian Hill
385,Adam Trautman
386,Jaylin Noel
387,Jake Bobo
388,Josh Oliver
389,Zay Jones
390,Elijah Moore
391,Isaiah Bond
392,Luke Schoonmaker
393,Kalif Raymond
394,Luke McCaffrey
395,Mack Hollins
396,KhaDarel Hodge
397,Jahan Dotson
398,Demarcus Robinson
399,Jalen Nailor
400,Sterling Shepard
401,Johnny Mundt
402,Jaylin Lane
403,Arian Smith
404,Savion Williams
405,Dontayvion Wicks
406,Tyquan Thornton
407,Derius Davis
408,Grant Calcaterra
409,Ryan Flournoy
410,Tim Patrick
411,John Bates
412,Jeremy Ruckert
413,Charlie Woerner
414,Daniel Bellinger
415,Xavier Gipson
416,Jordan Watkins
417,Drew Sample
418,Colby Parkinson
419,Tez Johnson
420,Charlie Kolar
421,Darnell Washington
422,Efton Chism III
423,Scotty Miller
424,Payne Durham
425,Trey Palmer
426,Moliki Matavao
427,Jamal Agnew
428,Tai Felton
429,Tanner Conner
430,Jalen Royals
431,Brevyn Spann-Ford
432,Brock Wright
433,Nathan Carter
434,Jimmy Horn Jr.
435,Bo Melton
436,Lucas Krull
437,Ty Chandler
438,Ian Thomas
439,Mo Alie-Cox
440,George Holani
441,Tip Reiman
442,David Martin-Robinson
443,Luke Farrell
444,Trent Sherfield Sr.
445,Antonio Gibson
446,Skyy Moore
447,Blake Whiteheart
448,Eric Saubert
449,Bryce Oliver
450,Gage Larvadain
